Tienda	GOS	GOR	Prod	VtaNeta	JEq	ProdVarMeta%	VtaNetaVarMeta%	JEqVarMeta%	ProdVarAA%	VtaNetaVarAA%	JEqVarAA%	CAPO *	CAPE *	GAP *	ProdMeta	VtaNetaMeta	JEqMeta
SO04 Jaen - PVO	Sofía V	José A	132629	7077395	53.36226389	3.30%	2.50%	-0.80%	10.80%	10.20%	-0.50%	61	60.5	-0.5	128418.6427	6906900	53.78424484
P126 Santa Clara - PVH	Sebastián S	Rodolfo O	126770	10637192	83.90919444	9.90%	5.80%	-3.70%	18.20%	8.10%	-8.50%	98.5	98	-0.5	115349.4138	10054624	87.16666928
P147 Juliaca - PVH	Sofía V	Joe H	118174	9843426	83.29581944	9.70%	11.50%	1.70%	36.10%	29.50%	-4.90%	94	92	-2	107771.3365	8830048	81.93317456
1593 Aventura SJL - PVH	Sebastián S	Rodolfo O	117412	6158989	52.45625	8.30%	2.60%	-5.30%	21.10%	10.10%	-9.10%	65.5	63.5	-2	108383.5365	6003312	55.38951972
P146 Tacna - PVH	Sofía V	Joe H	116581	9665943	82.91174306	-7.10%	-7.50%	-0.50%	15.60%	8.90%	-5.80%	96.5	96	-0.5	125461.2932	10453622	83.32149405
P114 Pro - PVH	Sebastián S	Vik E	115690	8495986	73.43734028	9.50%	2.70%	-6.20%	16.10%	9.40%	-5.80%	88	86	-2	105648.849	8274129	78.31726123
P119 Puente Piedra - PVH	Sebastián S	Vik E	115274	10129694	87.87459722	4.80%	6.60%	1.70%	11.70%	11.50%	-0.20%	100	98.5	-1.5	110012.3003	9504324	86.39328487
P115 Huancayo - PVH	Sofía V	José A	114588	10027301	87.50768056	23.20%	11.50%	-9.50%	27.90%	11.90%	-12.50%	107.5	102.5	-5	93000.70831	8993913	96.70800932
P223 Cusco Mall - PVH	Sofía V	Joe H	114488	9803045	85.62521528	16.60%	10.40%	-5.30%	6.60%	15.20%	8.10%	101	105	4	98147.55611	8876455	90.43989761
P333 Ves Placita - PVH	Sebastián S	Rodolfo O	114290	6700905	58.63073611	7.10%	6.10%	-0.90%	18.90%	14.30%	-3.90%	68.5	66.5	-2	106743.3274	6317006	59.17940014
P010 Caminos del Inca - PVS	Hernán P	Daniel R	111828	12397224	110.8599722	11.20%	5.20%	-5.40%	17.00%	9.30%	-6.60%	140.5	130.5	-10	100554.752	11783908	117.188975
P769 Chiclayo Aventura - PVH	Sofía V	Melany A	110553	5307337	48.00726389	24.70%	12.30%	-9.90%	42.10%	21.80%	-14.30%	63.5	57.5	-6	88681.57923	4724861	53.27894958
SO03 Huanuco - PVO	Sofía V	José A	109503	7720833	70.50808333	-9.70%	-5.60%	4.50%	1.20%	3.80%	2.60%	76.5	79.5	3	121294.3027	8181390	67.45073328
P133 Guardia Civil - PVH	Sebastián S	Rodolfo O	108732	6537569	60.12567361	25.60%	7.90%	-14.10%	20.80%	7.10%	-11.30%	81	77	-4	86555.5986	6057036	69.97856075
P064 Miraflores - PVH	Sebastián S	Johanna V	106989	9295949	86.88657639	21.80%	7.90%	-11.30%	64.00%	67.50%	2.20%	117.5	99	-18.5	87868.8258	8611586	98.0050147
P102 Chiclayo - PVH	Sofía V	Melany A	103728	8154701	78.61622222	8.70%	-2.60%	-10.40%	34.50%	11.40%	-17.20%	96.5	94	-2.5	95403.11434	8371963	87.75356401
P225 Cajamarca - PVH	Sofía V	José A	101018	6165567	61.03416667	-7.90%	-0.40%	8.20%	6.20%	14.80%	8.10%	64	67	3	109670.8849	6188659	56.42937163
SO02 Pucallpa - PVO	Sofía V	José A	100916	8615204	85.36990972	-0.90%	0.00%	0.90%	4.10%	6.50%	2.30%	93.5	94	0.5	101835.5022	8617270	84.61950816
P259 Moquegua - PVH	Sofía V	Joe H	100459	6263467	62.34846528	11.00%	14.50%	3.20%	26.60%	18.80%	-6.10%	68	68	0	90533.93785	5467984	60.39706182
P139 Alameda Sur - PVS	Hernán P	Daniel R	99283	6325869	63.7153125	6.90%	6.00%	-0.80%	10.90%	10.80%	-0.10%	79.5	73.5	-6	92906.65291	5965518	64.20980277
P229 Salaverry - PVH	Sebastián S	Johanna V	99100	8729723	88.09004167	4.60%	2.10%	-2.40%	-4.10%	4.80%	9.40%	104.5	100.5	-4	94721.10313	8551514	90.28098269
P465 Sucre - PVH	Sebastián S	Vik E	98703	8557969	86.70447917	0.80%	-0.40%	-1.10%	-7.00%	0.00%	7.50%	101.5	99.5	-2	97941.74607	8588432	87.68918414
P048 Higuereta - PVH	Sebastián S	Johanna V	98656	9009918	91.32690972	5.00%	6.50%	1.40%	-5.70%	4.70%	11.10%	106	103.5	-2.5	93926.93543	8459137	90.06082214
P723 Puruchuco - PVH	Sebastián S	Rodolfo O	97269	8122940	83.50990278	4.20%	4.60%	0.40%	21.00%	13.10%	-6.50%	94.5	97	2.5	93323.1258	7763032	83.18443566
SO05 Tarapoto - PVO	Sofía V	José A	97086	6696941	68.97950694	8.50%	-1.80%	-9.60%	-12.90%	-33.80%	-24.00%	86.5	81.5	-5	89439.85221	6821383	76.26782259
P231 Ventanilla - PVH	Sebastián S	Vik E	96847	6844592	70.67452778	-3.40%	3.30%	6.90%	5.60%	10.60%	4.70%	77	82	5	100280.229	6627607	66.09086293
P291 La Curva - PVH	Sebastián S	Rodolfo O	96438	7181995	74.47285417	-1.10%	3.00%	4.20%	10.20%	11.60%	1.30%	84.5	86.5	2	97544.19114	6970187	71.45670864
P145 Piura - PVH	Sofía V	Melany A	95392	9665912	101.3282083	5.90%	4.20%	-1.60%	22.40%	10.40%	-9.90%	125	118.5	-6.5	90076.66298	9275745	102.976121
P143 Nvo Chimbote - PVH	Sofía V	Melany A	95334	4349255	45.62133333	2.70%	-3.40%	-5.90%	8.10%	0.50%	-7.10%	55	51.5	-3.5	92868.58542	4503568	48.49399124
P089 Risso - PVH	Sebastián S	Vik E	95043	4140198	43.56148611	15.40%	-6.40%	-18.90%	14.20%	-2.60%	-14.70%	61.5	51	-10.5	82375.9662	4424901	53.71592039
P061 Cortijo - PVH	Sebastián S	Johanna V	94957	7668473	80.75690972	-2.10%	-8.00%	-6.00%	-0.30%	-4.50%	-4.20%	103	94	-9	97035.37859	8336385	85.91077884
P516 Ilo - PVH	Sofía V	Joe H	94751	5074161	53.55281944	8.10%	5.90%	-2.00%	26.50%	12.50%	-11.10%	62	58	-4	87676.61687	4792926	54.66595377
1198 Cusco Wanchaq - PVH	Sofía V	Joe H	94090	3022668	32.12523611	25.40%	8.50%	-13.50%	35.00%	19.20%	-11.70%	41.5	37	-4.5	75032.56073	2785575	37.12487891
P081 La Molina - PVH	Sebastián S	Johanna V	93322	8886742	95.22644444	7.60%	0.30%	-6.80%	19.20%	18.70%	-0.40%	118	109	-9	86731.16551	8861795	102.1754409
P227 San Isidro - PVH	Sebastián S	Johanna V	92917	4989109	53.69418056	-2.00%	-7.30%	-5.30%	5.10%	-4.40%	-9.10%	68	60	-8	94844.1483	5379351	56.71779574
P125 SJ Lurigancho - PVH	Sebastián S	Rodolfo O	92681	5273414	56.89881944	-5.70%	-3.90%	1.90%	9.20%	5.30%	-3.50%	65.5	65	-0.5	98314.95585	5487188	55.81234048
P724 Tumbes - PVH	Sofía V	Melany A	91929	5292286	57.56906944	-9.50%	-17.40%	-8.70%	5.20%	-4.70%	-9.40%	72.5	68.5	-4	101599.7147	6405068	63.04218862
P172 Puno - PVH	Sofía V	Joe H	91808	6634816	72.26848611	-0.50%	4.60%	5.10%	14.80%	16.30%	1.30%	79.5	81.5	2	92238.86628	6343571	68.77329667
P216 Proceres - PVS	Hernán P	Daniel R	91606	1179035	12.87076389	24.90%	15.10%	-7.90%	21.20%	16.40%	-3.90%	15	15	0	73326.78487	1024514	13.97188776
P236 Pisco - PVH	Sofía V	Joe H	91550	4282764	46.78046528	4.90%	-3.20%	-7.70%	12.50%	1.10%	-10.10%	57.5	57.5	0	87291.27405	4425516	50.69826357
P202 LurIn - PVH	Sebastián S	Rodolfo O	90976	5645082	62.05057639	10.40%	2.30%	-7.30%	24.40%	7.20%	-13.80%	78	76	-2	82387.83741	5516261	66.95479578
P262 Talara Municipalidad - PVH	Sofía V	Melany A	90527	4874288	53.84327083	10.10%	11.10%	0.90%	18.30%	15.70%	-2.20%	60.5	60.5	0	82247.77527	4387375	53.34339037
P106 Valle Hermoso - PVH	Hernán P	Daniel R	89782	7747504	86.29196528	5.60%	3.00%	-2.40%	15.10%	5.70%	-8.20%	106	98	-8	85052.61326	7519760	88.41303454
P224 Brena - PVH	Sebastián S	Vik E	89746	6280927	69.98531944	1.20%	2.50%	1.30%	4.10%	3.60%	-0.40%	80	79	-1	88702.63233	6130649	69.1146279
P193 Trujillo Mansiche - PVS	Fátima L	Fátima L	88688	935826	10.55191667	3.80%	-6.40%	-9.90%	111.20%	-3.10%	-54.10%	13.5	12.5	-1	85402.56434	1000315	11.71293817
P123 El Chacarero - PVH	Sofía V	Melany A	88643	9165453	103.3978264	9.20%	9.70%	0.40%	50.50%	19.80%	-20.40%	88.5	92.5	4	81145.52634	8356052	102.976121
P203 Rimac Alcazar - PVH	Sebastián S	Vik E	87523	5025412	57.41827778	3.70%	4.90%	1.10%	6.70%	9.00%	2.20%	65	69.5	4.5	84371.03048	4789990	56.77292399
P221 Barranca - PVH	Sofía V	José A	87171	2615446	30.00350694	3.50%	6.80%	3.20%	10.00%	16.00%	5.40%	32.5	31	-1.5	84195.76031	2447882	29.07370035
P215 Magdalena - PVS	Hernán P	Daniel R	86770	1165843	13.4360625	22.60%	17.90%	-3.80%	25.90%	12.80%	-10.40%	15.5	15.5	0	70758.32928	988627	13.97188776
P117 Izaguirre - PVH	Sebastián S	Vik E	86677	5559383	64.13900694	-1.80%	-6.90%	-5.30%	14.20%	5.00%	-8.00%	76.5	75.5	-1	88230.59609	5973032	67.69797158
P084 Comas - PVH	Sebastián S	Vik E	86405	5717895	66.17527778	2.40%	6.10%	3.60%	10.80%	9.10%	-1.60%	75.5	74	-1.5	84392.04313	5388089	63.84593494
P195 San Borja - PVH	Sebastián S	Johanna V	86169	8629549	100.1469097	1.50%	-1.00%	-2.40%	0.30%	0.40%	0.20%	123	116	-7	84933.44983	8713534	102.5924835
P130 Chimbote - PVH	Sofía V	Melany A	85396	4956070	58.03631944	6.30%	-7.30%	-12.80%	8.70%	-1.00%	-8.90%	75.5	68.5	-7	80314.91693	5346486	66.56902435
P134 Centro Civico - PVH	Sebastián S	Vik E	84897	5159843	60.77759722	13.70%	0.70%	-11.50%	23.10%	6.10%	-13.90%	79.5	74.5	-5	74635.24912	5126148	68.68266147
P226 Paita - PVH	Sofía V	Melany A	84888	4708093	55.46211806	-15.30%	-3.10%	14.40%	7.00%	9.80%	2.60%	57	60	3	100178.0589	4858034	48.49399124
SO06 Tarapoto 2 - PVO	Sofía V	José A	84249	5792398	68.75341667	3.50%	-15.30%	-18.20%	0.00%	0.00%	0.00%	84	76	-8	81379.79164	6835902	84
P191 Cine Rimac - PVS	Fátima L	Fátima L	83817	671650	8.013298611	41.50%	12.90%	-20.20%	46.60%	11.90%	-23.70%	11	11	0	59220.216	594707	10.04229432
P104 Arequipa - PVH	Sofía V	Joe H	83401	5034149	60.36104861	8.40%	2.90%	-5.10%	22.50%	12.20%	-8.40%	70.5	69	-1.5	76926.95367	4890751	63.57656168
P206 La Paz - PVS	Fátima L	Fátima L	82969	1012135	12.19890972	33.10%	9.40%	-17.80%	13.30%	8.10%	-4.60%	17	15.5	-1.5	62331.27492	925316	14.84513074
1199 San Miguel - PVH	Sebastián S	Vik E	82867	5577223	67.30363889	5.90%	-1.60%	-7.20%	11.30%	4.60%	-6.00%	84.5	79	-5.5	78218.87798	5670451	72.49465679
P144 Huacho - PVH	Sofía V	José A	82738	4296003	51.92269444	-9.70%	-8.30%	1.50%	3.60%	-1.90%	-5.30%	58	58.5	0.5	91650.57763	4686930	51.13911804
P001 Los Olivos - PVH	Sebastián S	Vik E	82026	4687950	57.15188889	-1.30%	-0.60%	0.70%	3.30%	4.60%	1.20%	66	65	-1	83074.6511	4716391	56.77292399
P122 Ica - PVH	Sofía V	Joe H	80757	5246701	64.96904167	-9.00%	-5.70%	3.70%	-4.00%	-2.90%	1.10%	71	78	7	88730.34723	5561717	62.68111715
2638 SJB Ayacucho - PVH	Sofía V	José A	80456	5189117	64.49600694	36.30%	4.60%	-23.20%	0.00%	0.00%	0.00%	84	76.5	-7.5	59033.78945	4958838	84
V095 Monterrico - VIV	María R	María R	78923	5448932	69.04109722	15.50%	-1.50%	-14.80%	21.00%	1.90%	-15.80%	94	83.5	-10.5	68307.62662	5534499	81.02314965
P066 Ate - PVH	Sebastián S	Rodolfo O	78903	4545666	57.61058333	-10.50%	-6.20%	4.80%	-2.10%	-4.10%	-2.10%	64.5	63.5	-1	88164.09758	4846089	54.96669896
P142 Chincha - PVH	Sofía V	Joe H	77961	3620063	46.43411111	-2.50%	1.20%	3.80%	0.30%	6.80%	6.50%	50.5	51.5	1	79965.6962	3576767	44.72876977
P201 Huaral - PVH	Sofía V	José A	77578	3495117	45.05292361	3.10%	-0.20%	-3.10%	9.70%	5.90%	-3.40%	52	52	0	75264.51138	3501149	46.51792056
P141 Chosica - PVH	Sebastián S	Rodolfo O	75688	3934942	51.98890278	-3.00%	3.10%	6.30%	19.10%	10.60%	-7.10%	55	57	2	78000.08829	3815145	48.91205759
P080 Bolichera - PVH	Sebastián S	Rodolfo O	75601	5288248	69.94925	-5.40%	-2.20%	3.40%	-4.70%	-0.60%	4.30%	80	81	1	79894.14422	5404944	67.65132179
P037 Jockey Plaza - PVH	Sebastián S	Johanna V	74742	4634008	62.00026389	-5.90%	-8.00%	-2.20%	-3.60%	-3.80%	-0.30%	75.5	72	-3.5	79417.04096	5036876	63.42311418
P112 Ceres - PVH	Sebastián S	Rodolfo O	74387	3615254	48.60031944	-11.00%	-8.30%	3.00%	0.20%	-1.00%	-1.20%	53.5	54.5	1	83595.80249	3942813	47.1651984
P219 La Perla - PVS	Fátima L	Fátima L	73992	736242	9.950305556	4.90%	-11.40%	-15.60%	-6.40%	-14.90%	-9.10%	13.5	12.5	-1	70515.87637	831296	11.78878029
P109 Dasso - PVS	Hernán P	Daniel R	73656	5119831	69.5104375	0.30%	-5.80%	-6.00%	2.80%	-2.30%	-5.00%	87	77.5	-9.5	73459.50532	5433861	73.97084207
P068 Primavera - PVH	Sebastián S	Rodolfo O	72560	4096591	56.45801389	2834465.70%	2928128.40%	3.30%	-9.70%	-9.40%	0.30%	66.5	66	-0.5	2.55982651	140	54.65214124
P108 Ayacucho - PVS	Hernán P	Daniel R	71533	3140571	43.9035625	-6.10%	-0.50%	5.90%	-9.70%	-2.30%	8.20%	51	50.5	-0.5	76177.78808	3157714	41.45189799
P105 Salamanca - PVS	Hernán P	Daniel R	71235	2581478	36.239	-1.20%	0.10%	1.30%	7.10%	3.60%	-3.30%	44	41	-3	72084.32829	2577910	35.7624218
P120 Universitaria - PVH	Sebastián S	Vik E	71154	3615305	50.8099375	-4.10%	-15.90%	-12.30%	10.50%	-14.20%	-22.40%	69.5	59	-10.5	74231.66073	4299976	57.92644428
P107 Mercaderes - PVS	Hernán P	Daniel R	70918	2015833	28.42471528	0.00%	0.00%	-19.30%	7.90%	-10.10%	-16.70%	33	31.5	-1.5	0		35.22317754
P198 Chorrillos Iglesias - PVS	Fátima L	Fátima L	70811	609812	8.611798611	24.70%	7.00%	-14.20%	26.00%	5.10%	-16.60%	11.5	10	-1.5	56773.04254	570132	10.04229432
P052 Brasil - PVH	Sebastián S	Vik E	70195	3580378	51.006375	2.50%	-1.10%	-3.50%	8.50%	3.10%	-4.90%	61.5	56	-5.5	68502.8472	3619861	52.84249079
P181 Supermercados SKA - PVE	Fátima L	Fátima L	69721	656586	9.417284722	1.60%	-4.70%	-6.20%	10.40%	-4.40%	-13.40%	11.5	12	0.5	68616.06454	689063	10.04229432
P208 La Victoria PVS	Fátima L	Fátima L	69556	496135	7.132902778	30.20%	14.00%	-12.50%	40.80%	14.40%	-18.80%	10	9	-1	53405.59847	435373	8.152189456
P192 Sullana - PVH	Sofía V	Melany A	69073	2560874	37.07491667	-2.20%	-6.80%	-4.70%	7.40%	-0.90%	-7.70%	43.5	41	-2.5	70630.52809	2748518	38.9140297
P059 Callao - PVH	Sebastián S	Vik E	68225	3534770	51.81030556	-4.10%	-2.90%	1.30%	9.70%	6.40%	-3.00%	60.5	57.5	-3	71159.35823	3640606	51.16131211
P096 San Jorge - PVS	Hernán P	Daniel R	67825	2929383	43.19024306	4.30%	-1.10%	-5.10%	22.10%	3.50%	-15.30%	53.5	51.5	-2	65058.93848	2961210	45.51580956
P207 Villa Marina - PVS	Fátima L	Fátima L	67520	585384	8.669743056	25.50%	8.40%	-13.70%	11.00%	5.80%	-4.70%	11.5	10	-1.5	53792.80066	540203	10.04229432
P135 Colonial - PVH	Sebastián S	Vik E	66698	3380300	50.68082639	0.50%	-7.40%	-7.90%	3.20%	-1.80%	-4.80%	63	60	-3	66368.73986	3652011	55.02606479
P156 El Tambo Huancayo - PVS	Hernán P	Daniel R	66450	1660533	24.98931944	16.20%	7.30%	-7.70%	15.10%	5.90%	-8.00%	31	28.5	-2.5	57171.47031	1547662	27.07053253
P238 Grifo Mexico - PVH	Sebastián S	Rodolfo O	64960	1496399	23.03578472	-45.00%	-46.20%	-2.30%	24.00%	11.40%	-10.20%	27	27	0	118016.3145	2783131	23.5825992
V090 Pezet - VIV	María R	María R	63275	3616393	57.15320139	4.40%	2.60%	-1.70%	16.50%	8.10%	-7.20%	66	66	0	60624.92731	3523283	58.11608116
P158 Villa el Salvador - PVS	Hernán P	Daniel R	62133	2348030	37.79027778	-0.70%	1.50%	2.20%	13.50%	8.30%	-4.60%	45.5	46	0.5	62557.85058	2313489	36.98159527
P132 El Ejercito - PVS	Hernán P	Daniel R	62112	2845128	45.80649306	-12.30%	-7.60%	5.30%	-3.40%	0.50%	4.10%	53.5	53	-0.5	70791.61185	3078292	43.48385377
P118 Alfonso Ugarte - PVH	Sebastián S	Vik E	61597	2428605	39.42715972	0.40%	-4.60%	-5.00%	-6.50%	-4.70%	2.00%	47.5	44.5	-3	61377.4655	2546423	41.487906
P159 Acho - PVH	Sebastián S	Vik E	61392	1907935	31.07800694	0.80%	-0.40%	-1.20%	13.40%	8.20%	-4.60%	36	35.5	-0.5	60897.92326	1914842	31.4434656
V116 Javier Prado - VIV	María R	María R	61263	2904358	47.40813194	0.00%	-13.30%	0.00%	0.90%	-10.50%	-11.30%	61.5	56.5	-5		3350928	
P220 Trujillo Valcarcel - PVS	Fátima L	Fátima L	59975	884722	14.75147917	2.10%	14.20%	11.80%	61.80%	8.60%	-32.90%	13.5	14.5	1	58760.5274	775038	13.18977646
V140 Libertadores - VIV	María R	María R	58904	2833089	48.09641667	6.80%	1.70%	-4.70%	12.00%	7.70%	-3.80%	59	52	-7	55173.88886	2785200	50.48039167
P258 Chaclacayo - PVS	Hernán P	Daniel R	58560	1035486	17.6824375	3.80%	5.10%	1.20%	26.20%	9.70%	-13.00%	19	21	2	56402.98072	985070	17.46485969
P261 El Agustino - PVH	Sebastián S	Rodolfo O	57685	1765465	30.60545833	1.20%	4.30%	3.10%	17.00%	13.60%	-2.90%	34	34	0	57016.04744	1693183	29.6966064
P180 Centro Trujillo - PVE	Fátima L	Fátima L	57085	659444	11.55199306	-6.70%	1.20%	8.40%	44.00%	-3.00%	-32.60%	11	12	1	61182.24667	651821	10.65375303
V094 Benavides - VIV	María R	María R	56972	3104392	54.48989583	-2.20%	-4.10%	-1.90%	6.20%	-0.30%	-6.10%	64.5	59.5	-5	58269.00611	3238058	55.57085133
P110 Corpac - PVS	Hernán P	Daniel R	54281	2130426	39.24827083	-20.30%	-7.30%	16.40%	-6.60%	-1.50%	5.40%	41.5	44	2.5	68114.52959	2297535	33.73046601
P177 Talara - PVH	Sofía V	Melany A	54129	2270320	41.94263889	-19.80%	-28.40%	-10.70%	-13.40%	-24.20%	-12.50%	52.5	52.5	0	67502.26315	3170258	46.96520825
X210 Santa Cruz - PVE	Fátima L	Fátima L	53931	331611	6.148819444	20.60%	-0.10%	-17.20%	-4.00%	0.40%	4.60%	8.5	6.5	-2	44707.45204	331844	7.42256537
V093 Dos de Mayo - VIV	María R	María R	52868	2629097	49.72921528	1.20%	0.50%	-0.70%	2.80%	5.90%	3.10%	57.5	58	0.5	52244.91439	2615181	50.05618669
X209 Bolognesi - PVE	Fátima L	Fátima L	51522	506443	9.829604167	1.00%	-1.00%	-1.90%	3.30%	0.00%	-3.20%	11	10	-1	51008.83987	511310	10.02395606
P199 Grifo Kio - PVS	Hernán P	Daniel R	35346	619846	17.53645833	34.90%	20.40%	-10.70%	20.80%	25.30%	3.70%	22.5	21	-1.5	26192.66325	514633	19.64796716
P422 Art Express - PVS	Fátima L	Fátima L	32926	262866	7.983645833	1.50%	3.10%	1.60%	-1.20%	-1.40%	-0.20%	9	9	0	32432.33394	254892	7.859186862
V290 Asia - VIV	María R	María R	30669	558137	18.19888194	571.40%	27.10%	-81.10%	37.70%	34.10%	-2.60%	22	20	-2	4568.053285	438990	96.1
P138 Jiron de la Union - PVE	Fátima L	Fátima L	22472	135373	6.024083333	10.30%	3.10%	-6.50%	0.50%	2.30%	1.80%	7	7	0	20376.01605	131277	6.442738687
V019 Pardo - VIV	María R	María R	12618	718805	56.9681875	0.00%	-76.40%	0.00%	0.00%	0.00%	0.00%					3040006	
